module_id,question,isCalc,code,msg,video_url
"{'question': '4.一个长方体水箱,长10 dm、宽6 dm,水深4.5 dm,当把一块石头放入水箱后(完全浸没),水位上升到7 dm(水未溢出)。这块石头的体积是多少?(6分)'}","status code exception, 401"
{'question': '2.把一块不规则的石块放入一个棱长是8分米的正方体容器，水面上升了5厘米，求这块石块的体积。'},"status code exception, 401"
{'question': '3.一个长方体玻璃缸，从里面量长8分米，宽6分米，高4分米，水深2.9分米。如果投入一块棱长为4分米的正方体铁块，缸里水将溢出多少升？（5分）'},"status code exception, 401"
{'question': '在一个长48cm、宽25cm、高20cm的长方体水箱中注入15cm深的水，把一个棱长为12cm的正方体铁块沉入水中，则水箱内的水面将上升到几厘米？'},"status code exception, 401"
{'question': '3.把一块珊瑚石放进一个有水的容器中，完全浸没，水平上升了3dm，容器的底面积是48dm^2，这块珊瑚石的体积是多大?(6分)'},"status code exception, 401"
{'question': '往一个长30厘米，宽20厘米，深15厘米的水箱内倒入3升水，这时水面离箱口还有多少分米？'},"status code exception, 401"
"{'question': '一间教室长8米，宽是6米，高是4米。要粉刷教室的屋顶和四面墙壁，除去门窗和黑板面积25.4m2,如果每平方米要12元涂料，粉刷这间教室需要多少元涂料费？'}","status code exception, 401"
{'question': '一个长方体形状的蓄水池，长5m，宽4m，高2.5m。要给池底和四壁抹上水泥，如果每平方米用水泥20.4kg，一共要用水泥多少千克？'},"status code exception, 401"
{'question': '2、一个无盖的长方形鱼缸，长0.4米、宽0.25米、深0.3米，做这只鱼缸至少要用玻璃多少平方米？'},"status code exception, 401"
{'question': '一节长方体形状的铁皮通风管长2米，横截面是边长为10厘米的正方体，做12节通风管至少需要多少平方厘米铁皮？'},"status code exception, 401"
{'question': '2．学校活动中心要油漆5根长方体柱子（只漆侧面）。柱子横截面是边长3dm的正方形，柱子高4m，每平方米需要4.5元油漆，买油漆共要多少钱？'},"status code exception, 401"
{'question': '23.一个水池长6米、宽5米、高1.5米。池里所储的水是36立方米，问现在水面距池口多少米？'},"status code exception, 401"
{'question': '13.教室长10米，宽6米，高3.5米，要粉刷教室的四面墙壁和天花板（除去门窗和黑板的面积12平方米)，共要粉刷多大的面积?'},"status code exception, 401"
{'question': '碧波游泳池，长25米，宽10米，深1.6米，在游泳池的四周和池底砌瓷砖，如果瓷砖的边长是1分米的正方形，那么至少需要这种瓷砖多少块？'},"status code exception, 401"
{'question': '6．如图，把一根长50dm的长方体木材截成三段，表面积比原来增加0.96dm²。原来这根木材的体积是多少立方分米？'},"status code exception, 401"
{'question': '水泥厂要制作10根长方体铁皮通风管，管口是边长30厘米的正方形，管子长2米。共需多少平方米铁皮？'},"status code exception, 401"
{'question': '5.一个用硬纸板做成的长方体影集封套，长30厘米，宽25厘米，高2厘米，封套的左面不封口，做这个封套至少需要多少平方厘米硬纸板？（6分）'},"status code exception, 401"
{'question': '2.宾馆门厅里有2根方柱，每根方柱高6米，底面是边长为80厘米的正方形。如果在每根方柱的四周贴上大理石，那么贴大理石的面积是多少平方米？（5分）'},"status code exception, 401"
{'question': '一个长方体棱长的总和是60CM，已知长是宽的1.5倍，宽是高的2倍，求这个长方体的长、宽、高。'},"status code exception, 401"
{'question': '5.将一根384cm的铁丝焊成一个长、宽、高的比是3:2:1的长方体模型。这个模型的长、宽、高各是多少厘米？'},"status code exception, 401"
{'question': '5.东方小学要砌一道长15米，厚24厘米，高3米的砖墙。如果每立方米用砖525块。一共用砖多少块？（5分）'},"status code exception, 401"
{'question': '14.一个小蓄水池，长10米，宽6米，高3米，如果每分钟蓄水18立方米，用多长时间能蓄满这个蓄水池？'},"status code exception, 401"
{'question': '16.一个长方形水箱，长5分米，宽4分米，高3分米．装满水后倒入一个棱长是5分米的水箱内，水深多少分米？'},"status code exception, 401"
{'question': '6.建筑工地上要挖一个长25米，宽18米，深4米的长方体坑，在挖的过程中要将土运走，如果每辆运土车能运6方土，那么5辆运土车要运多少趟オ能把土运完?(1方＝1立方米)(7分)'},"status code exception, 401"
{'question': '32．（5分）一个长方体，棱长之和是84厘米，长是宽的2倍，宽是高的3倍，则这个长方形的体积是多少立方厘米．'},"status code exception, 401"
{'question': '24．（6分）一个长方体游泳池，长50米，宽21米，深2米．每根进水管每分进水10立方米，三根进水管同时进水，要将空池注满需多长时间？'},"status code exception, 401"
{'question': '3、两个棱长为1厘米的正方体木块，拼成一个长方体，这个长方体表面积是多少平方厘米？'},"status code exception, 401"
{'question': '一个长方体，如果高增加2厘米，就成为一个正方体，这时表面积比原来增加了64平方厘米，原来的长方体的表面积是多少平方厘米？'},"status code exception, 401"
{'question': '一个长方体底面是一个边长为20厘米的正方形，高为40厘米，如果把它的高增加5厘米，它的表面积会增加多少？'},"status code exception, 401"
{'question': '例题：一个长方体高减少3厘米后，表面积减少了72平方厘米，剩下的刚好是一个正方体，原来长方体的表面积是多少平方厘米？'},"status code exception, 401"
"{'question': '6.一个长方体的长是12分米,高是6分米,宽是6分米,如果只把它的高增加2分米,那么它的表面积会增加多少平方分米?(5分)'}","status code exception, 401"
{'question': '学校饭堂使用的是一个长方体形状的铁皮烟囱，烟囱高6米，底部是一个边长80厘米的正方形。制作4个这样的烟囱至少需要铁皮多少平方米？（烟囱没有上底面和下底面）'},"status code exception, 401"
{'question': '恩阳工业园某加工厂要做一个长方体形的铁皮通风管，长16米，通风口是边长为0.2米的正方形．做这样一个通风管需要多少平方米铁皮？'},"status code exception, 401"
"{'question': '一块长方形铁板,长15分米,宽12分米,如果长和宽各减少2分米,面积比原来减少多少平方分米?'}","status code exception, 401"
{'question': '工人们准备粉刷一面外墙，墙长8米，高5米，墙上有一个边长2米的正方形窗户，需要粉刷的面积有多大？'},"status code exception, 401"
{'question': '3.学校音乐教室南面的墙壁长12米，宽8米，墙上有两个3平方米的窗户，现在要粉刷这面墙壁，要粉刷的面积是多少平方米？'},"status code exception, 401"
{'question': '2、一块长方形的地，长40m，宽10m，其中40%种西红柿，剩下的地按2：1种黄瓜和茄子，黄瓜和茄子分别要种多大面积？'},"status code exception, 401"
{'question': '27．（5分）有一个长25米、宽20米的花坛，如果在这个花坛的四周修3米宽的小路（如图），小路的面积是多少平方米？'},"status code exception, 401"
"{'question': '4.有6块同样大的长方形瓜地,每块瓜地长15米,宽4米。这些瓜地的面积一共是多少平方米?'}","status code exception, 401"
{'question': '30．学校新建了一个长35米、宽15米的花坛，如果每平方米可以栽15棵月季花，这个花坛共可以栽多少棵月季花？'},"status code exception, 401"
{'question': '5、用瓷砖贴墙面，一共贴了9行，每行16块砖 。已知每块瓷砖长30厘米，宽20厘米，这面墙的面积是多少平方米？'},"status code exception, 401"
{'question': '1．用一根铁丝围成一个长方形，长6厘米，宽5厘米。如果用这根铁丝围成一个边长为4厘米的正方形，还剩多少厘米？'},"status code exception, 401"
{'question': '5.用一根铁丝围成一个长为10厘米，宽为5厘米的长方形还多2厘米。这根铁丝长多少厘米？'},"status code exception, 401"
{'question': '44.一块长4米、宽2米的地毯售价为760元。这种地毯平均每平方米的售价是多少元？'},"status code exception, 401"
{'question': '29．一个长方形，宽40厘米，长是宽的3倍，这个长方形的周长是多少米？'},"status code exception, 401"
{'question': '33.一个近似长方形的游乐场，长1500米，宽80米，平均每公顷日最佳接待游客量为1000人，这个游乐场日最佳接特游客多少人？'},"status code exception, 401"
{'question': '8．一个长方形的长是0.54米，比宽多8厘米，这个长方形的周长是多少米？'},"status code exception, 401"
{'question': '1.今年，赵奶奶在一块长11米的长方形菜地里收获番茄594千克。如果每平方米番茄的产量是9千克，这块菜地的宽是多少米？（3分）'},"status code exception, 401"
{'question': '14、一个长方形和一个正方形的周长相等，正方形的边长是13厘米，长方形的宽是12厘米，长方形的长是多少？'},"status code exception, 401"
{'question': '4．一根细木板长14.3米，用它给一个长4.28米、宽2.12米的长方形黑板四周镶一个边。这根细木板还剩多少米？'},"status code exception, 401"
{'question': '2．在16公顷的荒地上建了一个长1200米、宽50米的长方形鱼塘后，还剩下多少公顷的荒地？'},"status code exception, 401"
{'question': '一块长300米、宽200米的菜地，菜地中央有一个边长为100米的正方形池塘，计划这块菜地每公顷一年收入8000元，这块菜地一年一共可以收入多少元？'},"status code exception, 401"
{'question': '（1)新村小学有一块长方形花圃，面积是196平方米，花圃长28米，宽比长短多少米？'},"status code exception, 401"
{'question': '3.李叔叔建了一个农家院，院子是一个长方形。长12米，宽9米，现在为了装饰院子要在院子周围挂上彩灯，院子长边靠墙的一端不挂，一共需要多少米彩灯？'},"status code exception, 401"
{'question': '4.一个篮球场，长28米，宽15米。小华沿篮球场跑了3圈，跑了多少米？'},"status code exception, 401"
{'question': '（1)篮球场长28米，宽比长短13米。求它的周长。'},"status code exception, 401"
{'question': '28．学校操场原来长80米，宽45米，扩建后，长和宽都增加了25米，扩建后的面积比原来的增加了多少？'},"status code exception, 401"
{'question': '38．一个长方形水池，周长是200米，长与宽的比是3：2．这个长方形水池的面积是多少平方米？'},"status code exception, 401"
{'question': '一块长方形菜地，长150米，宽60米，按4:5栽种芹菜和大白菜，两种菜各栽种了多少平方米？'},"status code exception, 401"
{'question': '31.一个长方形长20cm，宽是长的4/5，这个长方形的周长是多少？面积是多少？'},"status code exception, 401"
{'question': '赵叔叔沿着长和宽相差30米的游泳池跑6圏，做下水前的准备活动，共跑1080米，问游泳池的长和宽各多少米？'},"status code exception, 401"
{'question': '林林用一根长31.2cm的彩带围成了一个长方形，长方形的长是宽的3倍，围成的这个长方形的面积是多少？'},"status code exception, 401"
{'question': '1.一张床长9米，宽20分米，它的面积是多少？'},"status code exception, 401"
"{'question': '3.一块长方形麦地的长是4800米,长是宽的3倍。这块麦地的面积是多少平方米?'}","status code exception, 401"
{'question': '29．（5分）在一块梯形的地中间有一个长方形的游泳池，其余的地是草坪，草坪的面积是多少平方米？（已知梯形的上底是40m，下底是70m，高是30m，长方形的长是30m，宽是15m）'},"status code exception, 401"
{'question': '4、把一张长50厘米、宽40厘米的铁板的四角各剪去一个边长为4厘米的正方形，焊接成一个铁盒（拼接处忽略不计），这个铁盒的容积是多少？'},"status code exception, 401"
{'question': '26．（5分）在长25厘米，宽20厘米的长方形的四个角上，剪去边长5厘米的正方形，求剩下部分的面积．'},"status code exception, 401"
{'question': '38．（4分）一个地面是长方形的车间宽12米，长是宽的1.8倍．如果要在车间里安装26台同样的机器，平均每台机器占地多少平方米？（得数保留一位小数'},"status code exception, 401"
{'question': '34．一个长方体钢锭长5分米，宽4分米，高3.14分米，将它熔铸加工成底面半径是2分米的圆柱形部件，圆柱的高是多少分米？'},"status code exception, 401"
{'question': '16.用周长是16厘米的两个正方形拼成一个长方形，计算出这个长方形的周长。'},"status code exception, 401"
{'question': '6、一个正方体纸盒底面的周长为24分米，这个纸盒的表面积是多少？'},"status code exception, 401"
{'question': '2．制作一个棱长为25cm的正方体无盖玻璃鱼缸，至少需要多大面积的玻璃？'},"status code exception, 401"
{'question': '2、一个棱长6分米的正方体容器装满水后倒入一个长90厘米，宽4分米的长方体容器中，这是水面的高是多少分米？'},"status code exception, 401"
{'question': '34．（6分）一个棱长是4分米的正方体鱼缸，里面装满水．如果把水倒入一个底面积32平方分米的长方体鱼缸里，长方体鱼缸里的水有多深？'},"status code exception, 401"
{'question': '用棱长是2米的正方体木箱运来6箱沙子，均匀铺在长12米、宽6米的沙坑内，铺好的沙子厚度是多少米？'},"status code exception, 401"
{'question': '众兴小学有一个长方形的花圃，长120米，宽50米，还有一个边长80米的正方形苗圃，长方形花圃的面积比正方形苗圃的面积小多少平方米？'},"status code exception, 401"
"{'question': '1.博览中心的会议室是正方形的,边长是16米，如果会议室地面铺上红地毯，那么这块红地毯的面积是多少平方米?'}","status code exception, 401"
{'question': '2、一块正方形地的周长是800米，每公顷收稻谷7吨，那么这块地收稻谷多少吨？（5分）'},"status code exception, 401"
{'question': '5、芳芳绕着一个正方形广场走了5圈，一共走了10000米。这个广场的面积是多少公顷？'},"status code exception, 401"
{'question': '9、在一块边长10米的正方形草坪中修一条宽2米的小路，草坪的面积是多少平方米？'},"status code exception, 401"
{'question': '4.学校举行绘画大赛，要求作品的形状为边长为3分米的正方形。学校做了一个长方形的展牌，每行展出20幅作品，一共展出了10行。你能算出这个展牌的面积至少是多少平方米吗？'},"status code exception, 401"
{'question': '把一个正方体平均截成两个完全相同的长方体，表面积增加了32cm^2，原正方体的体积是多少？'},"status code exception, 401"
{'question': '一块占地1公顷的正方形苗圃，边长各增加100m，苗圃面积增加了多少公顷？'},"status code exception, 401"
{'question': '把一个棱长为3分米的正方形切成两个相同的长方形，增加的两个面的总面积是多少平方分米？'},"status code exception, 401"
{'question': '8.一个正方形的面积是81m²。如果它的边长增加1/3，求这个新正方形的面积。'},"status code exception, 401"
{'question': '1.把一张边长为10厘米的正方形纸对折一次，展开后沿折痕剪成两个相同的长方形，每个长方形的周长是多少？'},"status code exception, 401"
{'question': '一块正方形土地的周长是80米，在里面围出一个最大的圆种花，其他边角地上种草坪。种草坪的面积是多少平方米？'},"status code exception, 401"
{'question': '有一块边长10分米的正方形铁板，把它锯成一个最大的圆，面积会比原来减少百分之几？'},"status code exception, 401"
{'question': '2.红星街有80米长的一段路要每16米栽一棵树，需要栽几棵树？（两头都栽）'},"status code exception, 401"
{'question': '4、一个正方形菜地边长25米，要在它的周围装上篱笆，每隔5米需要打一根桩，四个顶点都要打，一共要准备多少根木桩？'},"status code exception, 401"
{'question': '6．李叔叔在一块正方形菜地的四周围篱笆，每隔3米打一根木桩，一共打了20根木桩，这个正方形的边长是多少米？'},"status code exception, 401"
"{'question': '10.一个圆形池塘,它的周长是300米,每隔5米栽种一棵柳树,需要树苗多少株?'}","status code exception, 401"
{'question': '3. 一个圆形花圃周围长30米，沿周围每隔3米插一面红旗，每两面红旗中间插一面黄旗，花圃周围各插了多少面红旗和黄旗？[来源:学*科*网]'},"status code exception, 401"
{'question': '26．在一条400米长的公路两旁植树，每隔5米植一棵，每棵树苗两元钱，买这些树苗共需要多少钱？'},"status code exception, 401"
{'question': '5．一块正方形地，沿四周每隔8米种一棵树，一共种了100棵，已知这块地里种的玉米共收28吨，这块地平均每公顷收玉米多少吨？'},"status code exception, 401"
{'question': '刘大爷用15.7米长的篱笆，靠墙围一个半圆形的养鸡场，这个养鸡场的面积是多少平方米？'},"status code exception, 401"
{'question': '1.一个房间，如果用面积为6平方米的地砖铺，160块恰好铺满，如果改用边长4分米的地砖，至少需要多少块？'},"status code exception, 401"
{'question': '14.小琴家用边长为5分米的方砖铺地，客厅正好用了96块方砖，问小琴家的客厅多少平方分米？'},"status code exception, 401"
{'question': '6、实验室长是12米，宽比长少3米，用边长是3分米的正方形地砖铺地面，至少要多少块？'},"status code exception, 401"
{'question': '2.果园里有1268棵果树，其中梨树475棵，枣树325棵，剩下的是苹果树，苹果树有多少棵？'},"status code exception, 401"
{'question': '1.国华商场1至4季度分别售出空调369台、57台、431台和243台。国华商场全年共售出空调多少台？'},"status code exception, 401"
{'question': '25．某水果店运进苹果532千克，卖出439千克后，又运进了450千克，水果店现在还有苹果多少千克？'},"status code exception, 401"
{'question': '25．同学们进行跳远比赛，东东跳了3.27米；方方比东东多跳0.16米，比强强少跳0.23米，强强跳了多少米？'},"status code exception, 401"
{'question': '1．打印室一共有900张白纸，印语文、数学练习题各用了365张，还剩下多少张白纸？（5分）'},"status code exception, 401"
{'question': '1、李老师买了三本书 ，价格分别是7.80元、5.65元、6.20元，他付出20元，应找回多少钱？'},"status code exception, 401"
{'question': '6、修路队修一条16.5千米的公路，第一天修了5.4千米，比第二天多修了0.6千米。修了两天后，还剩多少千米没修？'},"status code exception, 401"
{'question': '2.某粮店运进大米3/2t，面粉比大米多1/2t，杂粮比面粉少1/4t，共运进杂粮多少吨？'},"status code exception, 401"
{'question': '30．一套《十万个为什么》是58元，一套《少儿百科全书》比一套《十万个为什么》贵231.20元，王老师买一套《少儿百科全书》付给售货员300元，应找回多少元？'},"status code exception, 401"
{'question': '11.哥哥吃了薯片5/12罐，妹妹吃了薯片1/12罐。他们共吃了薯片多少罐？'},"status code exception, 401"
{'question': '3、10月1日上午泰山有游客985人，中午有541人离去，下午又来了235人，这时泰山有多少游客？（4分）'},"status code exception, 401"
{'question': '11. 一商店三月份营业额43.75万元，四月份比三月份多8.4万元，五月份比三、四两月的营业额总和少14.6万元，五月份营业额是多少万元？'},"status code exception, 401"
{'question': '2．爸爸去买文具用品，一支钢笔3.21元，它比一支圆珠笔贵0.62元，比一支活动铅笔便宜0.38元。买三支笔一共用去多少元？'},"status code exception, 401"
{'question': '6.曲米的妈妈去超市购物，买米用去72.34元，比买油多用去24.6元，比买油和饮料所用钱的总数少5.88元，买饮料用去多少元？'},"status code exception, 401"
{'question': '2、小图图家买回一块重9/10千克的饼，图妈妈吃了2/10千克，图爸爸比图妈妈多吃1/10千克，剩下的全部给小图图吃，小图图吃了多少千克的饼？'},"status code exception, 401"
{'question': '25．物体从高空下落，经过4秒落地．已知第一秒下落4.8米，以后每一秒都比前一秒多下落9.7米．这个物体在下落前距地面多少米？'},"status code exception, 401"
{'question': '2、小丽先踢了23个毽子，又踢了9个，小红至少要踢多少个才能超过小丽？'},"status code exception, 401"
{'question': '9、将两张同样长的纸条粘在一起后的长度是155厘米，已知重叠部分的长度是15厘米，求原来两张纸条的长度是多少厘米？[来源:Z|xx|k.Com]'},"status code exception, 401"
"{'question': '1.在人工饲养的条件下,金鱼的寿命可达30年,相当于鳗鱼的6/11,鳗鱼的寿命是多少年?(5分)'}","status code exception, 401"
{'question': '3．兆麟小学五年级学生有242人，其中男生占13/22。兆麟小学五年级女生有多少人？'},"status code exception, 401"
{'question': '校园里有杨树60裸，柳树是杨树的9/10，槐树是柳树的2/3，槐树有多少棵？'},"status code exception, 401"
{'question': '果园里有桃树56棵，比杏树的5/6少4棵，果园里有杏树多少棵？'},"status code exception, 401"
{'question': '31.李叔叔养的鸡和鸭共有700只，其中鸡的只数是鸭的2/5，鸡和鸭各有多少只？'},"status code exception, 401"
{'question': '甲乙丙共存款17000元，其中甲的存款是乙的1/3，乙的存款又是丙的2/3。甲乙丙各存款多少元？'},"status code exception, 401"
{'question': '12.仓库里原有大米340吨，第一次取出它的1/4 ，第二次取出它的3/10 ，还剩多少吨大米？'},"status code exception, 401"
{'question': '31.图书馆有20000本书，其中文学书占了1/4，科学书占了1/9，其余的为教辅书。教辅书被借走了1/9，那么图书馆还剩多少本教辅书?'},"status code exception, 401"
{'question': '27．（5分）科技馆今天接待观众802人，比昨天接待人数的5/4多2人．昨天接待了多少人？'},"status code exception, 401"
{'question': '12.有一本书，小玲第一天看了全书的2/5，第二天看了全书的1/4，还剩这本书的几分之几没看？'},"status code exception, 401"
{'question': '16.实验小学有男生900名，女生人数是男生人数的7/9，实验小学一共有几人？'},"status code exception, 401"
{'question': '修一条公路，已经修完了全程的1/4，又修了剩余的1/5，这时距终点还有6千米，这条公路全长多少千米'},"status code exception, 401"
{'question': '库房有一批货物，第一天运走1/5，第二天比第一天多运8吨，还剩这批货物总重量的14/25，这批货物有多少吨？'},"status code exception, 401"
{'question': '29.一款手提电脑原价4800元，商场搞促销活动时降价1/4，活动结束后又涨价1/4，这款手提电脑现在售价多少元？'},"status code exception, 401"
{'question': '20．有一只油桶装满了油，用去60%，又倒入10千克，这时桶里的油相当于原来的3/5，这个桶能装多少千克油？'},"status code exception, 401"
{'question': '小明读一本故事书，第一天读了20页，第二天读的页数是第一天的9/10，两天共读了这本书的2/5，这本书共多少页？'},"status code exception, 401"
{'question': '30.商店运来梨子30筐，运来的苹果是梨子的9/10，运来的苹果比橘子少2/5，运来橘子多少筐?'},"status code exception, 401"
"{'question': '1.一本故事书共有120页,小红第一天看了全书的1/4,第二天看了40页,两天共看了全书的几分之几?(6分)'}","status code exception, 401"
{'question': '27．（6分）一根绳子用去30%后又用去2.6米，这时还剩下原来长度的1/20，这根绳子还剩下多少米没有用？'},"status code exception, 401"
{'question': '14．（6分）一根绳子长8米，第一次用去1/2，第二次用去1/2米，这根绳子比原来短了多少米．'},"status code exception, 401"
{'question': '34．（5分）（1）丽丽看一本240页的故事书，每天看全书的1/48，5天看了多少页？'},"status code exception, 401"
{'question': '4.一袋大米先用去1/8，又用去3/8千克，两次共用去7/8千克，这袋大米原有多少千克？（5分）'},"status code exception, 401"
{'question': '29．计划加工一批童装，第一周完成了计划的5/8，第二周加工了400套，结果超额完成160套．服装厂计划加工多少套童装？'},"status code exception, 401"
{'question': '（3）一桶油重5/2千克，倒出1/5后，剩下的油正好可以装满4个瓶子。平均每个瓶子可以装油多少千克？'},"status code exception, 401"
{'question': '4.有一批蔬菜重6吨，王师傅用汽车把它们运往某市场，5/6小时运了这批蔬菜的2/3，平均每小时运蔬菜多少吨？'},"status code exception, 401"
{'question': '5.六年级同学采集树种，六（1）班采集11/12千克，六（2）班比六（1）班少采集1/4千克，六（3）班比六（2）班多采集了1/5。六（3）班采集了多少千克？'},"status code exception, 401"
{'question': '小明三天看一本书，第一天看了全书的1/4，第二天看了余下的2/5，第二天比第一天多看21页，这本书共有多少页？'},"status code exception, 401"
{'question': '37.张叔叔开车回老家，上午行了全程的1/4，下午比上午多行60千米，这时已经行了全程的7/10，张叔叔回老家全程一共要走多少千米?'},"status code exception, 401"
{'question': '多吉家养了山羊、绵羊和牦牛三种家畜，山羊和绵羊的数量占家畜总数的8/9，绵羊和牦牛的数量占家畜总数的11/18，绵羊有90只，多吉家共有家畜多少只？'},"status code exception, 401"
{'question': '39．布艺兴趣小组用8.4m布制作了一批帽子，每顶帽子用布2/5m，将这批帽子的1/3送给少年宫．送给少年宫多少顶帽子？'},"status code exception, 401"
{'question': '一堆煤，先用去总数的2/5，又用去总数的4/9。这时用去的比剩下的多31吨，这堆煤共有多少吨？'},"status code exception, 401"
"{'question': '有两箱橘子都是25个,从甲箱中取出5个放到乙箱中,这时乙箱中的橘子的个数是两箱橘子总数的几分之几?'}","status code exception, 401"
{'question': '甲车间有132人，如果甲车间减少1/4，余下的人数相当于乙车间的3/4，乙车间有工人多少人？'},"status code exception, 401"
{'question': '学校开展“中国梦，我的梦”征文活动，共有400人参加，其中获得学校一等奖的有10人，二等奖的有20人，三等奖的有50人，获奖人数占总人数的几分之几？'},"status code exception, 401"
{'question': '一种商品，第一次降价1/10，第二次降价1/10，这时和原价格比较，结果降低了多少？'},"status code exception, 401"
{'question': '31．东风中学有205名学生近视，不近视的学生比近视的12倍少180人，东台中实验中学有多少名学生？'},"status code exception, 401"
{'question': '3．王大伯家养了236只公鸡和189只母鸡，还养了85只鸭，鸡的只数是鸭的几倍？'},"status code exception, 401"
{'question': '3．水果店运来的4筐苹果与3筐梨的重量相等，已知每筐梨的重量60千克，每筐苹果多重？'},"status code exception, 401"
"{'question': '1.新世纪超市平均每天售出饮料350瓶,这个月(按31天计算)共售出饮料多少瓶?'}","status code exception, 401"
{'question': '29．学校食堂采购了9袋大米，每袋重量为25千克，已经吃了55千克，还剩多少千克？'},"status code exception, 401"
{'question': '15、小巧在假期读一本书，三周内看完。第一周读了43页，第二周读的页数是第一周的2倍，第三周读的页数和前一周同样多。这本书一共有多少页？'},"status code exception, 401"
{'question': '四、学校买排球用去218元，买篮球用去的钱是排球的3倍，买篮球比买排球多用去多少元？'},"status code exception, 401"
{'question': '30．（4分）阳光纺织厂有男职工185人，女职工的人数比男职工的5倍还多20人．阳光纺织厂一共有职工多少人？'},"status code exception, 401"
{'question': '6.春游中，每个小朋友交车费15元、门票12元、点心23元，200个小朋友共交费多少元？'},"status code exception, 401"
{'question': '1．新学期开始，学校买来钢笔和圆珠笔各8盒，钢笔每盒12支，圆珠笔每盒 20支，买的圆珠笔比钢笔多多少支?(4分)'},"status code exception, 401"
{'question': '30．一辆小货车的载重量是2.4吨，解放牌汽车的载重量是小货车的3.2倍，两种车5次一共运货多少吨？'},"status code exception, 401"
"{'question': '2、工地运进两车红砖,每车284块,运进的青砖是红砖的3倍,一共运进了多少砖? （4分）'}","status code exception, 401"
{'question': '38．红星小学五年级同学3月份为社区做好事99件，是四年级同学做好事件数的3倍，六年级同学做好事的件数比四、五年级的总和少15件．六年级同学做好事多少件？'},"status code exception, 401"
{'question': '7． 为“希望小学”捐图书，三年级捐152本，四年级捐的是三年级的2倍少12本，五年级捐的是三、四年级总和的2倍少12本，五年级捐书多少本？'},"status code exception, 401"
{'question': '学校每天中午用去大米125千克，晚上用去大米36千克，连续两周共用去大米多少千克？（一周按7天算）'},"status code exception, 401"
{'question': '16.小军读一本故事书，已经读了84页。剩下的页数是已读页数的2倍，如果要把剩下的页数在8天内读完，平均每天读多少页?'},"status code exception, 401"
{'question': '21. 水果店有苹果60筐，比梨多10筐。橘子的筐数比梨的2倍少11筐。橘子有多少筐'},"status code exception, 401"
{'question': '39. 一部电话售价320元，一台彩电售价是电话售价的8倍，一台电脑售价比彩电的2倍还多460元，一台电脑多少元？'},"status code exception, 401"
{'question': '水果店运来菠萝、苹果和橘子。菠萝有100千克，比苹果少24千克，橘子的重量比苹果的2倍少14千克，橘子有多少千克？'},"status code exception, 401"
"{'question': '(3)一个数的7倍比它的5倍大18,这个数是几?'}","status code exception, 401"
{'question': '26．一辆汽车3小时行驶165千米，一架飞机的速度是汽车速度的23倍少90千米，这架飞机每小时能飞多少千米？'},"status code exception, 401"
{'question': '2、学校进行爱心捐款，四（1）共捐了230元，比四（2）班多捐26元，四（3）捐的是四（2）班的3倍。四（3）班捐了多少元？'},"status code exception, 401"
{'question': '9、一把椅子售价55元，一张桌子的售价比椅子的2倍还多30元。买一套这样的桌椅需要多少元？ （一张桌子两把椅子是一套）'},"status code exception, 401"
{'question': '32．（5分）小明收藏了46本童话故事书．小军收藏的童话故事书比小明的2倍多5本，小丽收藏的童话故事书比小明的3倍少5本．小军和小丽收藏的童话故事书各有多少本？'},"status code exception, 401"
{'question': '4、王老师买了6个相同的篮球，付出600元，找回54元，每个篮球多少元？（5分）'},"status code exception, 401"
{'question': '4.水果店平均每天可以卖出45.5千克水果，新进了240.3千克水果，卖了5天后，还剩下多少千克？'},"status code exception, 401"
{'question': '19、小丁丁读一本书，三周内看完。第一周看了24页，第二周看了46页。第一、第二周的看的页数和比第三周看的2倍少8页。第三周看了多少页？'},"status code exception, 401"
{'question': '2． 每个茶杯6元， 一个茶盘的价钱是1个茶杯价钱的4倍，买一套1个茶盘6个茶杯，共需要多少元 （5分）'},"status code exception, 401"
{'question': '4. 一台洗衣机1420元，一台电视机比一台洗衣机贵840元，一台电脑的价钱比3台电视机总价钱还多210元。一台电脑多少元？'},"status code exception, 401"
{'question': '25、体育室有排球24只，篮球的只数比排球的2倍少2只，小皮球的只数比篮球的3倍多20只。小皮球有多少只？'},"status code exception, 401"
{'question': '18、丁丁读一本书，三周内看完。第一周看了24页，第二周看的页数比第一周的2倍多3页，第三周看的页数是第二周的3倍。第三周看了多少页？'},"status code exception, 401"
{'question': '3.李大爷养了15只鸭和8只鹅，养的鸡的只数是鸭和鹅总数的4倍。鸡有多少只？'},"status code exception, 401"
{'question': '28．一捆电线长200米，第一次用去30米，第二次用去的米数是第一次的3倍，这捆电线还剩下多少米？'},"status code exception, 401"
"{'question': '1、果园里有912棵苹果树, 是梨树的19倍。苹果树比梨树多多少棵？苹果树和梨树共有多少棵？'}","status code exception, 401"
{'question': '4．光明小学为山区同学捐书，四年级捐240本，五年级捐的是四年级的2倍，六年级比五年级多捐120本，平均每个年级捐多少本？'},"status code exception, 401"
{'question': '2．学校运动队，参加跑步的有24人，是跳远人数的6倍，参加跳高的有3人，参加垒球、铅球的有8人，学校运动队一共有多少人？'},"status code exception, 401"
{'question': '4.(易错题）某市举办森林旅游节，森林主题公园里的郁金香正值花期，深受游客欢迎。其中红色郁金香有450朵，黄色郁金香的朵数是红色郁金香的4倍，是紫色郁金香的6倍。紫色郁金香有多少朵？'},"status code exception, 401"
{'question': '27．（5分）一只蜜蜂0.5小时飞行9.3千米，一只蝴蝶每小时飞行7.5千米，这只蜜蜂每小时飞行的速度是蝴蝶的多少倍？'},"status code exception, 401"
{'question': '4.3千克苹果的售价21.5元，2千克橙子的售价16元。橙子的单价是苹果单价的几倍?'},"status code exception, 401"
{'question': '小东看一本故事书，已经看了的页数是剩下没看的2.4倍，且已经看的比剩下没看的多42页。这本故事书有多少页？'},"status code exception, 401"
{'question': '1.某商场销售的电扇每台320元，上午共收款16960元，下午共收款14720元。上午比下午少卖出电扇多少台？（用两种方法解答）'},"status code exception, 401"
{'question': '28．（5分）新百商场店庆优惠大促销，所有服装一律八折出售．妈妈买一件衣服花了720元，这件衣服原价多少元？'},"status code exception, 401"
{'question': '6、商品促销打九折出售，VIP会员在此基础上再打八折。原价200元的商品，现在的价格是多少元？'},"status code exception, 401"
{'question': '2、一双运动鞋原价228元，现价打六折出售。学校需给排球队买12双这样的运动鞋，一共要用多少元鞋？'},"status code exception, 401"
{'question': '一套服装，如果定价240元，将获利60%。如果再打八折出售，将获利多少元？'},"status code exception, 401"
{'question': '2．一台电脑如果打九折出售，可盈利215元，如果打八折出售，则会亏本125元，这台电脑的标价是多少元？'},"status code exception, 401"
{'question': '李阿姨到家电商场买热水器，如果按九折购买需要花1125元。那么按八折购买需要花多少钱？'},"status code exception, 401"
{'question': '12.一家电脑专卖店所有商品按七五折出售。一台笔记本电脑原价4800元，一个U盘原价40元。李老师带了4000元想买一台笔记本电脑和5个U盘，他带的钱够吗？'},"status code exception, 401"
{'question': '30．（4分）张老师去买汽车销售人员告诉他，如果分期付款则加价7%如果现金购买可享受九五折优惠．张老师算了算，发现分期付款比现金购买要多付960元．这辆车的原价是多少元？'},"status code exception, 401"
"{'question': '3.李老师送一队小朋友去上学，这一队小朋友共有27人,小明的前面有19人，他的后面有几人？'}","status code exception, 401"
{'question': '4.动物运动会，小动物们排队，从左边数，小猫排第7，从右边数，小猫排第6，这队一共有几人？'},"status code exception, 401"
{'question': '2.小鸭子排队学游泳，从左往右数小鸭咪咪是第6个，从右往左数距离它有2只鸭子，一共有几只小鸭子？'},"status code exception, 401"
{'question': '2.5分钟夹豆子比赛。第一组16人共夹了480颗。第二组15人夹465颗。这两组，哪组平均每人夹的多，多多少颗？（7分）'},"status code exception, 401"
{'question': '39．王叔叔每天生产142个零件，李叔叔8天生产904个零件．王叔叔每天比李叔叔多生产多少个零件？'},"status code exception, 401"
{'question': '30．（4分）学校买来15个排球用了525元，买14个篮球用了644元，一个篮球比一个排球贵多少元？'},"status code exception, 401"
"{'question': '3.某商场花了3200元购进25箱葡萄,每箱4千克。每千克葡萄多少元？'}","status code exception, 401"
{'question': '七、红光牛奶厂3小时加工135升酸牛奶，每小时加工的鲜牛奶是酸牛奶的28倍，每小时加工多少鲜牛奶？'},"status code exception, 401"
{'question': '1. 一头大象3天吃了540千克食物，一只熊猫4天吃了144千克食物。大象1天吃的食物是熊猫的多少倍？'},"status code exception, 401"
{'question': '3．张师傅上午生产了70个零件，下午又生产了60个同样的零件．照这样计算，张师傅5天能生产多少个零件？'},"status code exception, 401"
{'question': '25.王老师每批改一篇作文先看6分钟，后写评语3分钟，45位同学的作文全部批改完，他一共要花几小时几分钟'},"status code exception, 401"
{'question': '28.40个人采集了900千克茶叶，如果每篮装15千克，还差25个篮子，原来有几个篮子？'},"status code exception, 401"
{'question': '15.16名同学需要8套课桌椅，三年级184名同学需要这样的课桌椅多少套'},"status code exception, 401"
{'question': '3.刘阿姨家塑料大棚里种了95平方米小白菜，上星期卖掉40平方米，共收入480元。照这样计算，这些小白菜一共可以卖多少元？（5分）'},"status code exception, 401"
{'question': '26.一台收割机每小时行驶5千米，收割的宽度是2米。这台收割机一天工作5小时，可以收割多少公顷小麦?'},"status code exception, 401"
{'question': '23．一辆卡车6小时可运货54吨，现在5小时要运货495吨，需要这样的卡车多少辆？'},"status code exception, 401"
{'question': '16.肥皂厂生产香皂2400块，每80块装一箱，可装多少箱？如果每10箱装一车，需要多少辆车才能一次运完？'},"status code exception, 401"
{'question': '27．（5分）一列动车3小时行540千米，一辆货车6小时行360千米，动车的速度是货车的几倍？'},"status code exception, 401"
{'question': '24．商店进了54个黑皮本，46个红皮本，每个卖2元，一共能卖多少元（用两种方法解答）'},"status code exception, 401"
{'question': '4. 一种可移动存储盘原价65元，降价后，原来买6个可移动存储盘的钱现在可以多买4个，降价后每个可移动存储盘多少元？'},"status code exception, 401"
{'question': '3、3盒月饼180元，一箱香蕉85元，一箱香蕉比一盒月饼贵多少元？'},"status code exception, 401"
{'question': '4. 电风扇原价280元，现价190元，学校买了18台，能便宜多少钱？'},"status code exception, 401"
{'question': '2．鲁南书城，一天卖出了《十万个为什么》48套，上午卖出30套，每套124元．下午卖了多少元？'},"status code exception, 401"
{'question': '3、李老师带700元钱到商店买了6套运动服，剩下了60元钱，每套运动服要多少钱？'},"status code exception, 401"
{'question': '3.同学们参加课外活动。有5组同学在跳绳，每组16人；还有6组同学在踢毽子，每组12人。跳绳的同学比踢毽子的多多少人？'},"status code exception, 401"
{'question': '17.一个水果店运来150千克苹果，平均放在6个筐里，每千克苹果2元，每筐苹果多少元？'},"status code exception, 401"
{'question': '（2)明明带了五张50元的人民币去买2个体温计，找回6元。每个体温计多少元？'},"status code exception, 401"
{'question': '学校第一次买12把椅子用去420元，第二次又买回同样的椅子24把。两次一共用去多少元？'},"status code exception, 401"
{'question': '1、一种什锦糖由3千克奶糖和5千克酥糖组成，每千克奶糖18元，每千克酥糖16元，每千克什锦糖多少元？'},"status code exception, 401"
{'question': '每千克苹果2.8元，每千克橘子3.5元，买这样的苹果和橘子各6千克，至少要准备多少张10元的人民币？'},"status code exception, 401"
{'question': '5、有48人去照相馆合影留念，每人要1张照片，照相7.5元，（含2张照片），加印一张1.40元，平均每人付费多少元？'},"status code exception, 401"
{'question': '妈妈带50元去买水果。买回苹果和橘子各3千克，共用去18.3元。已知苹果每千克3.6元，每千克苹果比橘子贵多少元?'},"status code exception, 401"
{'question': '优优读一本故事书，已读页数是未读页数的3/2。如果再读40页，已读页数与未读页数的比就是7:3，这本故事书有多少页？'},"status code exception, 401"
{'question': '4、小红妈妈得到年终奖25000元，将其中的80％购买国库券，年利率是3.14％，五年后全部取出共得多少元？'},"status code exception, 401"
"{'question': '2012年9月,小强把3000元存入银行,定期两年,年利率是3.75%,到期后,小强一共可以获得本息多少元?'}","status code exception, 401"
{'question': '2．（2019•建华区）李奶奶把50000元钱存入银行，定期3年，年利率为5.40%，到期后李奶奶可以从银行取回多少钱？（按照国家规定，存款的利息按5%的税率纳税）'},"status code exception, 401"
"{'question': '小陈在银行办理了10000元的储蓄,年利率是2.25%.一年后扣除5%的利息税,小陈实得利息多少元?'}","status code exception, 401"
{'question': '26．（2019•西安模拟）王老师2006年3月的工资是1800元．按照规定，每月的个人收入超过1600元的部分按5%的税率缴纳个人所得税，王老师这个月应缴纳税多少元？'},"status code exception, 401"
{'question': '1.爸爸月工资4800元，按规定，月工资超过3500元的部分按5%缴纳个人收入所得税，爸爸实际每个月收入多少元？'},"status code exception, 401"
"{'question': '（2）杨叔叔经营的超市6月份的全部收入都按5%缴纳营业税,共缴纳税款1500元.杨叔叔经营的超市6月份的营业额是多少元?'}","status code exception, 401"
{'question': '42．人民商场一月份的营业额是300万元，照这样算，如果按营业额的5%缴纳营业税，该商场一年要缴纳营业税多少元？'},"status code exception, 401"
{'question': '商店十月份上半月的营业额是96万元，下半月的营业额是124万元，如果按营业额的5%纳营业税，十月份应纳营业税多少万元？'},"status code exception, 401"
"{'question': '小刚给杂志社审稿,获得审稿费1800元.缴纳3%的个人所得税后,他实际可拿到多少元钱?'}","status code exception, 401"
{'question': '30．思源商场九月份的营业额是65万元，十月份的营业额比九月份增加了2/5，如果按营业额的5%缴纳营业税，十月份应缴纳营业税多少万元？'},"status code exception, 401"
{'question': '某酒店10月份的营业额为150万元，11月份的营业额比10月份增加20％，如果按营业额的5％缴营业税，这两个月应缴营业税多少万元？'},"status code exception, 401"
{'question': '按规定，从邮局汇款，要交汇款的1%作为汇费，明明汇款时交了汇费14元，明明连汇费一共交给邮局多少元？'},"status code exception, 401"
{'question': '30．（6分）王阿姨按每股5.6元的价钱买入某种股票5000股，三年后按每股8元的价钱卖出．在股票交易中，无论买卖都要按成交金额的0.1%缴纳印花税，按0.15%缴纳佣金，王阿姨这次投资共获利多少元？'},"status code exception, 401"
{'question': '一根彩带对折三次后沿着抓痕剪开，量得其中一段长6分米。这根彩带原来长多少分米？'},"status code exception, 401"
{'question': '19．爷爷今年64岁，小兰的年龄是爷爷的1/8，爸爸的年龄是小兰的4倍．小兰的爸爸和小兰各是多少岁？'},"status code exception, 401"
{'question': '27．一辆小汽车的速度是100千米/时，是一列火车速度的5/9．一架飞机的速度是这列火车的5/4倍．这架飞机的速度是多少？[来源:Zxxk.C'},"status code exception, 401"
{'question': '某校对一年级某班新生做一项调查，学生共48人，会唱歌的人数占全班的2/3，会跳舞的占全班的3/4，两项都不会的有3人，两项都会的有多少人？'},"status code exception, 401"
{'question': '中心小学六（1）班共有45名学生，其中订《英语报》的占总人数的4/5，订数学报的占总人数的2/3，每人至少订阅一种．两种报都订阅的学生有多少名？'},"status code exception, 401"
{'question': '例1：四年级共选49位同学参加校运会开幕式，他们排成一个方阵．这个方阵的最外层一共有多少人？'},"status code exception, 401"
{'question': '4．李丹有一杯含盐率15%的盐水，质量为200g，现在她要将这杯盐水配制成含盐率为8%的盐水，应加多少克的水？'},"status code exception, 401"
{'question': '有盐15克，要加多少克水才能使盐水的含盐率是2%？'},"status code exception, 401"
{'question': '为了让人们节约用水，某公司决定用水在15吨以内，包括在15吨，要缴费1.2元，超过15吨要缴费3.5元，小明家用水18吨，请问他们家要交多少元？'},"status code exception, 401"
{'question': '3．某市出租车的收费标准是：5km以内(包括5km)收费8元，超过5km的部分，每千米收费1.4元。李叔叔乘出租车去8.5km远的地方办事，需要付车费多少元？'},"status code exception, 401"
{'question': '果园有桃树、梨树、苹果树共720棵，其中桃树占3/8，梨树与苹果树棵树的比是2：1，梨树有多少棵？'},"status code exception, 401"
{'question': '100个和尚吃100个馒头，大和尚每人吃4个，小和尚每4人吃1个。大和尚和小和尚各有多少人？'},"status code exception, 401"
{'question': '1．六（8）班两位老师和40名学生去公园划船，租10只船正好做满。每只大船坐5人，每只小船坐3人。租的大船和小船各有多少只？'},"status code exception, 401"
{'question': '31．（5分）植树节时，学校组织甲乙两个班学生植树，共植树720棵，其中甲班45人，每人植树8棵，乙班40人，问乙班每人植树多少棵？'},"status code exception, 401"
{'question': '5、商店运来600千克桔子，比香蕉多3箱，已知每箱桔子20千克，每箱香蕉重26千克，运来的香蕉一共有多少千克？'},"status code exception, 401"
{'question': '3．建筑工地需要黄沙47吨，用一辆载重4.5吨的汽车运6次后，余下的改用一辆载重2.5吨的汽车运，还要多少次才能运完？'},"status code exception, 401"
{'question': '29．（2019秋•抚宁区期末）小芳13天共看书195页．照这样计算，剩下的还要25天看完，剩下的有多少页？'},"status code exception, 401"
{'question': '1.一个粮食加工厂要加工6000千克大米，前2小时加工了1200千克。照这样的速度，加工完剩下的大米还要几小时？'},"status code exception, 401"
{'question': '34．玩具厂要生产200只玩具，已经生产了60只，用了3时．照这样计算，完成这批玩具还要多少时？'},"status code exception, 401"
{'question': '2.为了改善环境，学校计划植树400棵，前3天共植树240棵。照这样计算，还要多少天才能完成植树任务？（4分）'},"status code exception, 401"
{'question': '4、师傅和徒弟各加工288个零件，师傅每小时加工36个，徒弟每小时加工24个，师傅比徒弟提前几小时完成任务？'},"status code exception, 401"
{'question': '（15）师徒共同完成一件工作，徒弟独做20天完成，比师傅多用4天完成，如果师徒合作需几天完成？'},"status code exception, 401"
{'question': '11.修一条公路，甲队独修15天完工，乙队独修12天完工。两队合修4天后，乙队调走，剩下的路由甲队继续修完，甲队还要修多少天？'},"status code exception, 401"
{'question': '（10）一项工程，甲独做9天完成，乙独做6天完成。甲独做4天后，乙与甲合做。还要多少天才能完成?'},"status code exception, 401"
"{'question': '26.某车间加工一批服装，计划每天加工45件，12天完成。实际每天比计划多加工1/5,这样便可提前几天完成任务？'}","status code exception, 401"
{'question': '18.张红抄一份稿件，需要5小时抄完。这份稿件已由别人抄了1/3。剩下的由张红抄，张红还要抄多少小时。'},"status code exception, 401"
{'question': '一条公路长360米，甲、乙两支施工队同时从公路的两端往中间铺柏油。甲队的施工速度是乙队的1.25倍，4天后这条公路全部铺完。甲、乙两队每天分别铺柏油路多少米?'},"status code exception, 401"
{'question': '（14）一件工作，甲单独完成需要8天，乙的工作效率是甲的2倍，两人同时合作，几天能完成这件工作？'},"status code exception, 401"
{'question': '2．修一条路，甲队单独完成需要8天，乙队单独完成需要12天，甲乙两队合作4天后，还剩500米没有修，这条公路全长多少千米？'},"status code exception, 401"
{'question': '25.挖一条水渠，李叔叔每天挖整条水渠的1/20，王伯伯每天挖的量是李叔叔每天挖的量的2/3．两人合作，几天能挖完？'},"status code exception, 401"
{'question': '列方程解应用题。甲、乙两队合挖一条水渠，甲队从东往西挖，每天挖75米；乙队从西往东挖，每天比甲队少挖5米，两队合作8天挖好，这条水渠一共长多少米？'},"status code exception, 401"
{'question': '28．某厂6天生产T恤24000件．照这样计算，把4天生产的T恤按2：3的数量比分配给加加和利利两家专卖店．这两家专卖店各分到多少件？'},"status code exception, 401"
{'question': '28．小华3分钟步行210米，汽车每分钟的速度是小华步行速度的9倍，汽车每分钟行多少米？'},"status code exception, 401"
{'question': '3、一辆汽车从甲地到乙地，每小时行54千米，12小时到达乙地，返回时每小时行72千米，返回时用了几个小时？'},"status code exception, 401"
{'question': '22． 一艘轮船5小时行150千米．照这样计算，一天可航行多少千米？'},"status code exception, 401"
{'question': '3、自行车4小时行60千米，汽车4小时比自行车多行驶200千米。自行车与汽车平均每小时各行多少千米？（8分）'},"status code exception, 401"
{'question': '4.甲、乙两辆汽车同时从A 地开往相距720km 的B 地，甲车每时行80km， 乙车每时行64km，甲车到达时，乙车距B 地多少千米？'},"status code exception, 401"
{'question': '（5)小明家与学校相距600米，步行需要8分钟。照这样的速度，小明从家走到少年宫要10分钟。小明家到少年宫比到学校远多少米？（5分）'},"status code exception, 401"
{'question': '28.同学们外出春游，公共汽车以30千米/时的速度行驶2时后，距中点还有18千米。春游路线的全长是多少千米？'},"status code exception, 401"
{'question': '3﹑王老师步行上班，他每分钟走75米，从家到学校共用25分钟。其间在路上买报纸花了2分钟，王老师家距离学校有多远？'},"status code exception, 401"
"{'question': '2.大客车平均每小时行76千米,小汽车平均每小时行95千米。两车同时从相距380千米的济南开往青岛。小汽车比大客车提前几小时到达?（4分）'}","status code exception, 401"
{'question': '25.放国庆大假，王老师送招点学生乘卧铺车，卧铺车1小时约行56千米，行驶8小时可到达，王老师乘车行驶了多少千米？'},"status code exception, 401"
{'question': '26．一辆汽车自驾游从A市开往B市，3小时行驶了330千米。照这样计算，再行驶5小时才能到达B市。A市到B市有多少千米？'},"status code exception, 401"
{'question': '14.两列火车从两个车站同时相向出发，甲车每小时行48千米，乙车每小时行52千米，经过3小时两车相遇。两个车站之间的铁路长多少千米?'},"status code exception, 401"
{'question': '3、修一条长880米长的水渠，已经修了7天，每天修100米，还有多少米没有修？'},"status code exception, 401"
{'question': '4、一列火车长360米，每秒行驶25米，全车要通过一座1140米长的大桥，需要多少秒？'},"status code exception, 401"
{'question': '6、一辆汽车载物从甲地开往乙地，每小时54千米，12小时到达，返回时空车，每小时行驶72千米，返回时可提前多长时间到达？'},"status code exception, 401"
{'question': '2.京沪高速铁路由北京南站至上海虹桥站，总里程为1318千米。一列高速列车以320千米∕时的速度从北京南站出发，行驶3小时后，列车距离上海虹桥站还有多远？'},"status code exception, 401"
{'question': '4.甲、乙两地相距150千米。一辆汽车从甲地开往乙地，行了3小时后，离乙地还有15千米。这辆汽车平均每小时行多少千米？'},"status code exception, 401"
{'question': '5. 一辆客车和一辆货车同时从甲地开往乙地，已知客车每小时行56千米，经过4小时货车先到达乙地，又过2小时客车到达乙地。货车每小时行多少千米？'},"status code exception, 401"
{'question': '4. 一辆汽车从甲地开往乙地，已行驶65千米，这时离全程中点还相距12.5千米，离乙地还有多少千米？'},"status code exception, 401"
{'question': '28．（6分）甲乙两地相距1268千米，一列火车从甲地开往乙地，已行驶了2小时，速度是154千米/时，剩下的路程要6小时行驶完，速度是多少？'},"status code exception, 401"
{'question': '1、汽车从甲地到乙地用了3小时，第一小时行了45千米，第二小时比第一小时多行了5千米，第三小时行了46千米，这辆汽车平均每小时行多少千米？'},"status code exception, 401"
{'question': '4.卢沟桥全长266米，曲米以40米／分的速度在桥上走了一个来回，大约用了多少分？'},"status code exception, 401"
{'question': '乐乐每天上学放学要走2个来回，从家到学校要走450米。他一个星期（5天）一共要走多少米？'},"status code exception, 401"
{'question': '19．（12分）小明和小芳同院同校，小芳上学每分走50米，15分钟到学校．小明上学每分比小芳多走10米，小明需要几分钟到学校？'},"status code exception, 401"
{'question': '24．一辆汽车以每小时80千米的速度从甲城开往乙城，先行了全程的25%后，又行了1小时至全程的中点．甲、乙两城相距多少千米？'},"status code exception, 401"
{'question': '6.火车从上海开往天津，已经行了3/5，剩下的每小时行106千米，5小时到达。上海到天津的铁路长多少？'},"status code exception, 401"
{'question': '两艘汽艇同时从东港开往相距324千米的西港，当乙艇到达西港时，甲艇离西港还有52.8千米，已知甲艇每小时行45.2千米，求乙艇每小时行多少千米？'},"status code exception, 401"
{'question': '2、小明骑自行车上学，每分钟行驶90米，6.5分钟后就可以到达学校。如果出发时间不变，要提前2分钟到达学校，小明每分钟要行驶多少米？'},"status code exception, 401"
{'question': '一列火车平均每小时行驶180㎞，是一辆汽车速度的2.5倍。火车3小时行驶的路程，汽车需要行驶多少小时？'},"status code exception, 401"
{'question': '甲、乙两地相距108km，一辆货车从甲地开往乙地用了2.4h，当货车从乙地返回时，因为是空车，速度提高了20%，从乙地返回甲地需要多长时间？'},"status code exception, 401"
{'question': '小王和小李在环形跑道上跑步，两人从同一地点出发，相背而行。小王每秒跑5米，小李每秒跑6米，经过35秒两人第一次相遇。跑道长多少米？'},"status code exception, 401"
{'question': '2.小明和爷爷围着300m一圈的操场跑步。小明跑一圈要60秒，爸爸跑一圈要90秒。如果两人同时出发，相背而行，多少秒后可以相遇？'},"status code exception, 401"
{'question': '31．（1分）一辆汽车从甲地开往乙地，行完全程的2/5还多20千米，这是离乙地还有70千米，甲乙两地相距多少千米？'},"status code exception, 401"
{'question': '甲乙两艘轮船从相距1440km的两港相对开出，24小时后相遇。甲乙两艘轮船的速度比是2:3，甲乙两艘轮船每小时各航行多少km？'},"status code exception, 401"
{'question': '32.甲、乙两列直达快车同时从两个城市相对开出，甲车2小时行了全程的1/3，乙车1.5小时行了全程的1/5，约经过几小时两车相遇？'},"status code exception, 401"
{'question': '甲、乙两车同时从两地出发，相向而行，在距离中点50km处相遇。已知相遇时甲车行了全程的7/12，两地相距多少千米？'},"status code exception, 401"
{'question': '24.客货两车从两地相对开出，客车每小时行60千米，客车速度的2/3相当于货车的速度，两车开出后7/2小时相遇，求两地相距多少千米？'},"status code exception, 401"
{'question': '4.甲、乙两人同时从A、B两地相向而行，11分钟相遇，已知甲每分钟走60米，乙的速度比甲快1/6，A、B两地相距多少米？'},"status code exception, 401"
{'question': '7.甲、乙两车同时从相距528干米的两地相向而行，6小时后相遇，甲车每小时比乙车快6千米，求甲、乙两车每小时各行多少千米？'},"status code exception, 401"
{'question': '31.宁波到杭州的铁路全长168千米，一列客车和一列货车同时从两地出发，相向而行，经过1.5小时两车相遇，已知货车行的路程是全程的3/8．客车每小时行多少千米？'},"status code exception, 401"
{'question': '6.A、B两辆汽车同时从距离200千米的甲、乙两地相对开出，A车每小时行60千米，A、B两车的速度比是3：2，求A、B两车几小时相遇？（4分）'},"status code exception, 401"
{'question': '28．（5分）甲、乙两汽车从A、B两地相向而行，相遇时所行路程比是5：3，这时乙车距两地的中点还有80千米，求两地相距多少千米？'},"status code exception, 401"
{'question': '甲、乙两车从AB两地同时出发，相向而行，7小时相遇，甲车每小时比乙车慢20千米，两车的速度比是7:9，求AB两地相距多少米？'},"status code exception, 401"
{'question': '30．（5分）陶瓷厂由于采用了新的技术，现在每件产品的成本是400元，比原来降低了1/5．原来每件产品的成本是多少元？'},"status code exception, 401"
{'question': '49．一本书共200页，已经看了40页，已经看的比没看的少百分之几？'},"status code exception, 401"
{'question': '17.一顶帽子的批发价是80元，零售价是100元，求这顶帽子的利润率？'},"status code exception, 401"
{'question': '欣服装店的某件上衣进价200元，店主以280元的价格卖出。这件上衣的利润率是多少？'},"status code exception, 401"
{'question': '6.一桶油连桶重50千克，用去一半油后，连桶重26千克。桶有多重？'},"status code exception, 401"
{'question': '4.一筐葡萄，连筐重44千克。吃了葡萄的一半后，剩余葡萄连筐重24千克。原来葡萄重多少千克？'},"status code exception, 401"
"{'question': '一桶油连桶重7.5千克,用去一半油后,连桶重4.5千克。如果每千克油的售价是6.8元,购买这桶油需要多少元?'}","status code exception, 401"
{'question': '33．学校图书馆新进450本图书，按4:5分给五年级和六年级，六年级应分多少本？'},"status code exception, 401"
{'question': '学校购进360本图书，把其中的1/3分给低年级，余下的按3：5分别分给中年级和高年级，高年级分得多少本书？'},"status code exception, 401"
{'question': '30．学校购买了789套故事书，其中231套分给四年级，余下的按4：5分给五、六年级．五、六年级各分到多少套故事书？'},"status code exception, 401"
{'question': '学校三、四年级都有6个班，三年级平均每班42人，四年级平均每班45 人。三、四年级共有多少人？'},"status code exception, 401"
"{'question': '6.林场运来370棵松树树苗和310棵柏树树苗。将这些树苗栽成4行,平均每行栽多少棵?'}","status code exception, 401"
{'question': '16.齐星果园里共有800棵果树，其中苹果树有100棵，其余全部是梨树．这些梨树种植了28行，平均每行有多少棵梨树？'},"status code exception, 401"
{'question': '23．两个书法小组一共交了175幅作品，第一组15人，第二组20人。平均每人完成几幅作品？'},"status code exception, 401"
"{'question': '5,小华家原来平均每个月需付水费45元,使用节水龙头后,原来一年的水费现在可以多支付3个月的水费。小华家现在平均每个月要付水费多少元? (6分)'}","status code exception, 401"
{'question': '15.在绿化祖国采集树种的活动中，某校四年级有5个班级，平均每班采集树种20千克；五年级3个班共采集76千克。四、五年级平均每班采集树种多少千克？'},"status code exception, 401"
{'question': '15.五名篮球队员的身高分别是182cm，190cm，184cm，193cm，186cm，则他们的平均身高是多少？'},"status code exception, 401"
{'question': '1、考试后，老师公布了小刚、小明、小 红、小亮四个人的成绩，小刚98分，小明95分，小红96分，小明没有听清他的成绩。但他知道老师说他们四人的平均成绩是95分，请你帮小明算一算，他得了多少分？'},"status code exception, 401"
{'question': '2、利民药房第一天的营业额是890元，第二天的营业额是950元，第三天的营业额是920元，第四天的营业额是940元。这四天平均每天的营业额是几元？（4分）'},"status code exception, 401"
{'question': '5． 某绿化队计划植草坪720平方米，已经植了6天，平均每天植草坪45平方米。余下的平均每天植50平方米，还要植多少天？'},"status code exception, 401"
{'question': '3．五月份某周天气温度分别是18、19°、20°、19°、21°、23°和20°，这一周每日平均气温是多少度？'},"status code exception, 401"
{'question': '甲、乙两个车间的平均人数是162人，两车间的人数比是5∶7。甲、乙两车间各有多少人？'},"status code exception, 401"
{'question': '一袋苹果干重3/4kg，6袋葡萄干共重5kg。平均一袋葡萄干比一袋苹果干重多少千克?'},"status code exception, 401"
{'question': '甲乙两包糖的重量比是4：1，从甲包取出130克放入乙包后，甲乙两包糖的重量比为7：5，原来甲包有多少糖？'},"status code exception, 401"
{'question': '3. 一种玩具飞机原价80元，降价后，原来买9架玩具飞机的钱现在可以买12架，现在每架玩具飞机比原来降低了多少元？'},"status code exception, 401"
{'question': '3. 光明影城原来每天放映5场电影，每天可卖出4600张票。现在每天多放映2场，每天能卖出多少张票？'},"status code exception, 401"
{'question': '1．学校体育室购买了6个篮球和9个排球，每个篮球58元，每个排球42元，买篮球比买排球少用多少元？（4分）'},"status code exception, 401"
{'question': '25．丁老师买了9枝钢笔和9枝圆珠笔，钢笔共用去270元，圆珠笔共用去45元．每枝钢笔比每枝圆珠笔贵多少元？'},"status code exception, 401"
{'question': '42.小明今年5岁，姐姐今年8岁，过10年以后，他们两人相差几岁？'},"status code exception, 401"
{'question': '8. 从1楼走到4楼共要走36级台阶，如果每上一层楼的台阶数都相同，那么从1楼到6楼共要走多少级台阶？'},"status code exception, 401"
{'question': '26．（5分）从山脚到山顶的路程是2.85千米，同学们上山用了2.5时，沿着原路下山用了3.5时，上山，下山的平均速度是多少？'},"status code exception, 401"
{'question': '41．张师傅加工一批机器零件，第一天加工的个数与零件总个数的比是2：5，如果再加工20个，就可以完成这批零件总个数的一半，张师傅加工的这批零件一共有几个？'},"status code exception, 401"
{'question': '37．一家玩具厂生产一批儿童玩具，已经生产了总个数的1/3，如果再生产600个，已完成的个数与剩下的个数的比是2：3．这批儿童玩具共有多少个？'},"status code exception, 401"
module_id,question,isCalc,code,msg,video_url
"{'question': '4.一个长方体水箱,长10 dm、宽6 dm,水深4.5 dm,当把一块石头放入水箱后(完全浸没),水位上升到7 dm(水未溢出)。这块石头的体积是多少?(6分)'}","status code exception, 401"
{'question': '2.把一块不规则的石块放入一个棱长是8分米的正方体容器，水面上升了5厘米，求这块石块的体积。'},"status code exception, 401"
{'question': '3.一个长方体玻璃缸，从里面量长8分米，宽6分米，高4分米，水深2.9分米。如果投入一块棱长为4分米的正方体铁块，缸里水将溢出多少升？（5分）'},"status code exception, 401"
{'question': '在一个长48cm、宽25cm、高20cm的长方体水箱中注入15cm深的水，把一个棱长为12cm的正方体铁块沉入水中，则水箱内的水面将上升到几厘米？'},"status code exception, 401"
{'question': '3.把一块珊瑚石放进一个有水的容器中，完全浸没，水平上升了3dm，容器的底面积是48dm^2，这块珊瑚石的体积是多大?(6分)'},"status code exception, 401"
{'question': '往一个长30厘米，宽20厘米，深15厘米的水箱内倒入3升水，这时水面离箱口还有多少分米？'},"status code exception, 401"
"{'question': '一间教室长8米，宽是6米，高是4米。要粉刷教室的屋顶和四面墙壁，除去门窗和黑板面积25.4m2,如果每平方米要12元涂料，粉刷这间教室需要多少元涂料费？'}","status code exception, 401"
{'question': '一个长方体形状的蓄水池，长5m，宽4m，高2.5m。要给池底和四壁抹上水泥，如果每平方米用水泥20.4kg，一共要用水泥多少千克？'},"status code exception, 401"
{'question': '2、一个无盖的长方形鱼缸，长0.4米、宽0.25米、深0.3米，做这只鱼缸至少要用玻璃多少平方米？'},"status code exception, 401"
{'question': '一节长方体形状的铁皮通风管长2米，横截面是边长为10厘米的正方体，做12节通风管至少需要多少平方厘米铁皮？'},"status code exception, 401"
{'question': '2．学校活动中心要油漆5根长方体柱子（只漆侧面）。柱子横截面是边长3dm的正方形，柱子高4m，每平方米需要4.5元油漆，买油漆共要多少钱？'},"status code exception, 401"
{'question': '23.一个水池长6米、宽5米、高1.5米。池里所储的水是36立方米，问现在水面距池口多少米？'},"status code exception, 401"
{'question': '13.教室长10米，宽6米，高3.5米，要粉刷教室的四面墙壁和天花板（除去门窗和黑板的面积12平方米)，共要粉刷多大的面积?'},"status code exception, 401"
{'question': '碧波游泳池，长25米，宽10米，深1.6米，在游泳池的四周和池底砌瓷砖，如果瓷砖的边长是1分米的正方形，那么至少需要这种瓷砖多少块？'},"status code exception, 401"
{'question': '6．如图，把一根长50dm的长方体木材截成三段，表面积比原来增加0.96dm²。原来这根木材的体积是多少立方分米？'},"status code exception, 401"
{'question': '水泥厂要制作10根长方体铁皮通风管，管口是边长30厘米的正方形，管子长2米。共需多少平方米铁皮？'},"status code exception, 401"
{'question': '5.一个用硬纸板做成的长方体影集封套，长30厘米，宽25厘米，高2厘米，封套的左面不封口，做这个封套至少需要多少平方厘米硬纸板？（6分）'},"status code exception, 401"
{'question': '2.宾馆门厅里有2根方柱，每根方柱高6米，底面是边长为80厘米的正方形。如果在每根方柱的四周贴上大理石，那么贴大理石的面积是多少平方米？（5分）'},"status code exception, 401"
{'question': '一个长方体棱长的总和是60CM，已知长是宽的1.5倍，宽是高的2倍，求这个长方体的长、宽、高。'},"status code exception, 401"
{'question': '5.将一根384cm的铁丝焊成一个长、宽、高的比是3:2:1的长方体模型。这个模型的长、宽、高各是多少厘米？'},"status code exception, 401"
{'question': '5.东方小学要砌一道长15米，厚24厘米，高3米的砖墙。如果每立方米用砖525块。一共用砖多少块？（5分）'},"status code exception, 401"
{'question': '14.一个小蓄水池，长10米，宽6米，高3米，如果每分钟蓄水18立方米，用多长时间能蓄满这个蓄水池？'},"status code exception, 401"
